<?xml version="1.0" encoding="UTF-8" ?>
<!DOCTYPE mapper PUBLIC "-//mybatis.org//DTD Mapper 3.0//EN" "http://mybatis.org/dtd/mybatis-3-mapper.dtd">
<mapper namespace="com.yanzhen.mapper.AnswerOptDao">
	<resultMap type="com.yanzhen.entity.AnswerOpt" id="AnswerOpt">
		<id column="id" property="id"/>
		<result column="create_time" 			property="createTime"/>
		<result column="id" 			property="id"/>
		<result column="opt_id" 			property="optId"/>
		<result column="question_id" 			property="questionId"/>
		<result column="survey_id" 			property="surveyId"/>
		<result column="type" 			property="type"/>
		<result column="voter" 			property="voter"/>
	</resultMap>
 
	<insert id="create" keyProperty="id" useGeneratedKeys="true" parameterType="com.yanzhen.entity.AnswerOpt">
		insert into tb_answer_opt(
			create_time,
			id,
			opt_id,
			question_id,
			survey_id,
			type,
			voter
		)values(
			now(),
			#{id},
			#{optId},
			#{questionId},
			#{surveyId},
			#{type},
			#{voter}
		)
	</insert>

	<select id="query" resultMap="AnswerOpt">
		select * from tb_answer_opt
		<include refid="AnswerOptFindCriteria"/>
		<if test="order_by_column!=null and order_by_column!=''">order by ${order_by_column} ${order_by}</if>
		<if test="offset!=null and rows!=null">limit ${offset} , ${rows}</if>
	</select>
	
	<select id="count" resultType="int">
		select count(1) from tb_answer_opt
		<include refid="AnswerOptFindCriteria"/>
	</select>
	
	<select id="detail" resultMap="AnswerOpt">
		select * from tb_answer_opt
		<include refid="AnswerOptFindCriteria"/>
		limit 1
	</select>
	
	<delete id="delete">
		delete from tb_answer_opt
		<include refid="AnswerOptFindCriteria" />
	</delete>
	<update id="update">
		update tb_answer_opt
		<include refid="AnswerOptUpdateCriteria"/>
		<include refid="AnswerOptFindCriteria"/>
	</update>
	<sql id="AnswerOptFindCriteria">
		<where>
			<if test="id != null">and id = #{id}</if>
			<if test="optId != null">and opt_id = #{optId}</if>
			<if test="questionId != null">and question_id = #{questionId}</if>
			<if test="surveyId != null">and survey_id = #{surveyId}</if>
			<if test="type != null">and type = #{type}</if>
			<if test="voter != null">and voter = #{voter}</if>
		</where>
	</sql>
	<sql id="AnswerOptUpdateCriteria">
		<set>
			<if test="updateCreateTime != null">create_time = #{updateCreateTime},</if>
			<if test="updateId != null">id = #{updateId},</if>
			<if test="updateOptId != null">opt_id = #{updateOptId},</if>
			<if test="updateQuestionId != null">question_id = #{updateQuestionId},</if>
			<if test="updateSurveyId != null">survey_id = #{updateSurveyId},</if>
			<if test="updateType != null">type = #{updateType},</if>
			<if test="updateVoter != null">voter = #{updateVoter},</if>
		</set>
	</sql>
</mapper>