<?xml version="1.0" encoding="UTF-8" ?>
<!DOCTYPE mapper PUBLIC "-//mybatis.org//DTD Mapper 3.0//EN" "http://mybatis.org/dtd/mybatis-3-mapper.dtd">
<mapper namespace="com.yanzhen.mapper.AnswerTxtDao">
	<resultMap type="com.yanzhen.entity.AnswerTxt" id="AnswerTxt">
		<id column="id" property="id"/>
		<result column="create_time" 			property="createTime"/>
		<result column="id" 			property="id"/>
		<result column="question_id" 			property="questionId"/>
		<result column="result" 			property="result"/>
		<result column="survey_id" 			property="surveyId"/>
		<result column="voter" 			property="voter"/>
	</resultMap>
 
	<insert id="create" keyProperty="id" useGeneratedKeys="true" parameterType="com.yanzhen.entity.AnswerTxt">
		insert into tb_answer_txt(
			create_time,
			id,
			question_id,
			result,
			survey_id,
			voter
		)values(
			now(),
			#{id},
			#{questionId},
			#{result},
			#{surveyId},
			#{voter}
		)
	</insert>

	<select id="query" resultMap="AnswerTxt">
		select * from tb_answer_txt
		<include refid="AnswerTxtFindCriteria"/>
		<if test="order_by_column!=null and order_by_column!=''">order by ${order_by_column} ${order_by}</if>
		<if test="offset!=null and rows!=null">limit ${offset} , ${rows}</if>
	</select>
	
	<select id="count" resultType="int">
		select count(1) from tb_answer_txt
		<include refid="AnswerTxtFindCriteria"/>
	</select>
	
	<select id="detail" resultMap="AnswerTxt">
		select * from tb_answer_txt
		<include refid="AnswerTxtFindCriteria"/>
		limit 1
	</select>
	
	<delete id="delete">
		delete from tb_answer_txt
		<include refid="AnswerTxtFindCriteria" />
	</delete>
	<update id="update">
		update tb_answer_txt
		<include refid="AnswerTxtUpdateCriteria"/>
		<include refid="AnswerTxtFindCriteria"/>
	</update>
	<sql id="AnswerTxtFindCriteria">
		<where>
			<if test="id != null">and id = #{id}</if>
			<if test="questionId != null">and question_id = #{questionId}</if>
			<if test="result != null">and result = #{result}</if>
			<if test="surveyId != null">and survey_id = #{surveyId}</if>
			<if test="voter != null">and voter = #{voter}</if>
		</where>
	</sql>
	<sql id="AnswerTxtUpdateCriteria">
		<set>
			<if test="updateCreateTime != null">create_time = #{updateCreateTime},</if>
			<if test="updateId != null">id = #{updateId},</if>
			<if test="updateQuestionId != null">question_id = #{updateQuestionId},</if>
			<if test="updateResult != null">result = #{updateResult},</if>
			<if test="updateSurveyId != null">survey_id = #{updateSurveyId},</if>
			<if test="updateVoter != null">voter = #{updateVoter},</if>
		</set>
	</sql>
</mapper>